{"cameraMode":{"drawMode":0,"name":"Shaded","section":"Shading Mode"},"sceneLighting":true,"audioPlay":false,"sceneViewState":{"showFog":true,"showMaterialUpdate":false,"showSkybox":false,"showFlares":true,"showImageEffects":true,"showParticleSystems":true},"in2DMode":false,"pivot":{"x":2.4647865295410158,"y":2.0437049865722658,"z":0.24622344970703126},"rotation":{"x":-0.15911346673965455,"y":-0.6959698796272278,"z":0.16258929669857026,"w":-0.6810890436172485},"size":70.01815795898438,"orthographic":false}