{"cameraMode":{"drawMode":0,"name":"Shaded","section":"Shading Mode"},"sceneLighting":false,"audioPlay":false,"sceneViewState":{"showFog":true,"showMaterialUpdate":false,"showSkybox":false,"showFlares":true,"showImageEffects":true,"showParticleSystems":true},"in2DMode":false,"pivot":{"x":20.641029357910158,"y":4.549788951873779,"z":4.019704818725586},"rotation":{"x":0.23915903270244599,"y":0.0020408709533512594,"z":-0.0005027748993597925,"w":0.9709792137145996},"size":22.0,"orthographic":false}