{"cameraMode":{"drawMode":0,"name":"Shaded","section":"Shading Mode"},"sceneLighting":true,"audioPlay":false,"sceneViewState":{"showFog":true,"showMaterialUpdate":false,"showSkybox":true,"showFlares":true,"showImageEffects":true,"showParticleSystems":true},"in2DMode":false,"pivot":{"x":21.56098175048828,"y":6.512330055236816,"z":2.2021546363830568},"rotation":{"x":0.08594435453414917,"y":-0.7162123322486877,"z":0.08963201195001602,"w":0.6867458820343018},"size":31.490629196166993,"orthographic":false}