{"cameraMode":{"drawMode":0,"name":"Shaded","section":"Shading Mode"},"sceneLighting":false,"audioPlay":false,"sceneViewState":{"showFog":true,"showMaterialUpdate":false,"showSkybox":false,"showFlares":true,"showImageEffects":true,"showParticleSystems":true},"in2DMode":false,"pivot":{"x":-28.146446228027345,"y":-0.2825477719306946,"z":0.2360284924507141},"rotation":{"x":0.23915903270244599,"y":0.0020408709533512594,"z":-0.0005027748993597925,"w":0.9709792137145996},"size":0.31886041164398196,"orthographic":false}