{"cameraMode":{"drawMode":0,"name":"Shaded","section":"Shading Mode"},"sceneLighting":false,"audioPlay":false,"sceneViewState":{"showFog":true,"showMaterialUpdate":false,"showSkybox":false,"showFlares":true,"showImageEffects":true,"showParticleSystems":true},"in2DMode":false,"pivot":{"x":18.610000610351564,"y":0.49000000953674319,"z":-1.5890073776245118},"rotation":{"x":0.1115645170211792,"y":0.1106664314866066,"z":-0.012502827681601048,"w":0.9874976277351379},"size":11.431534767150879,"orthographic":false}