{"cameraMode":{"drawMode":0,"name":"Shaded","section":"Shading Mode"},"sceneLighting":true,"audioPlay":false,"sceneViewState":{"showFog":true,"showMaterialUpdate":false,"showSkybox":true,"showFlares":true,"showImageEffects":true,"showParticleSystems":true},"in2DMode":false,"pivot":{"x":34.98937225341797,"y":1.6500000953674317,"z":-6.550338268280029},"rotation":{"x":-0.06554806977510452,"y":0.9017406105995178,"z":-0.14737355709075929,"w":-0.4010712206363678},"size":11.431535720825196,"orthographic":false}