{"cameraMode":{"drawMode":0,"name":"Shaded","section":"Shading Mode"},"sceneLighting":false,"audioPlay":false,"sceneViewState":{"showFog":true,"showMaterialUpdate":false,"showSkybox":false,"showFlares":true,"showImageEffects":true,"showParticleSystems":true},"in2DMode":false,"pivot":{"x":-0.20773933827877046,"y":0.5383037328720093,"z":-0.2685403823852539},"rotation":{"x":0.034627459943294528,"y":-0.9652486443519592,"z":0.17504556477069856,"w":0.19094300270080567},"size":1.7250096797943116,"orthographic":false}