{"cameraMode":{"drawMode":0,"name":"Shaded","section":"Shading Mode"},"sceneLighting":true,"audioPlay":false,"sceneViewState":{"showFog":true,"showMaterialUpdate":false,"showSkybox":true,"showFlares":true,"showImageEffects":true,"showParticleSystems":true},"in2DMode":false,"pivot":{"x":-7.152557373046875e-7,"y":4.116398811340332,"z":0.01708848774433136},"rotation":{"x":0.3525516390800476,"y":0.09854928404092789,"z":-0.03737032040953636,"w":0.9298391938209534},"size":6.375082492828369,"orthographic":false}